{
  "EnableNuiCommand": true,
  "debug": true,
  "LumberBossModel": "cs_floyd",
  "LumberBossCoords": {
    "x": -841.295166015625,
    "y": 5401.32861328125,
    "z": 33.61519241333008,
    "w": 300
  },
  "Trees": [
    ["prop_tree_birch_03", -0.075],
    ["prop_tree_lficus_05", -1.25],
    ["prop_tree_eng_oak_01", -0.7],
    ["prop_tree_birch_03b", -0.2],
    ["prop_s_pine_dead_01", -0.15],
    ["prop_tree_birch_04", -0.1],
    ["prop_w_r_cedar_dead", -0.4],
    ["prop_rio_del_01", -0.2],
    ["prop_tree_pine_01", -0.3],
    ["prop_w_r_cedar_01", -1.1],
    ["prop_tree_birch_01", -0.325],
    ["prop_snow_t_ml_03", -0.35]
  ],
  "Logs": [
    "prop_log_02"
  ],
  "MaxDist": 2,
  "DebugPlayerSpawnCoords": {
    "x": -838.4115,
    "y": 5404.3364,
    "z": 34.6143
  },
  "ChopAnimDict": "melee@large_wpn@streamed_core_fps",
  "ChopAnim":  "car_side_attack_a",
  "Hatchet": "prop_w_me_hatchet",
  "TreeRespawnDelay": 10000,
  "TreeLocations": {
    "Region1": [
      [
        -588.051025390625,
        3145.92822265625,
        53.5198860168457
      ],
      [
        -565.6497802734375,
        3155.964111328125,
        59.275604248046875
      ],
      [
        -548.0859985351562,
        3128.56298828125,
        55.3226318359375
      ],
      [
        -567.2215576171875,
        3119.66552734375,
        52.934608459472656
      ],
      [
        -585.85400390625,
        3098.511474609375,
        45.67563247680664
      ],
      [
        -559.7240600585938,
        3101.586181640625,
        51.028812408447266
      ],
      [
        -527.0693359375,
        3089.103271484375,
        46.93941116333008
      ],
      [
        -506.4743347167969,
        3060.810546875,
        37.18060302734375
      ],
      [
        -539.2486572265625,
        3061.971923828125,
        41.166786193847656
      ],
      [
        -564.9619140625,
        3069.63134765625,
        40.988765716552734
      ]
    ]
  }
}
